,cassandra_methodnaming,is_anomaly
0,TestSimpleDataTypeSerialization,1
1,TestListDataTypeSerialization,1
2,TestMapDataTypeSerialization,1
3,getSuper_column,1
4,setSuper_column,1
5,unsetSuper_column,1
6,isSetSuper_column,1
7,setSuper_columnIsSet,1
8,getCounter_column,1
9,setCounter_column,1
10,unsetCounter_column,1
11,isSetCounter_column,1
12,setCounter_columnIsSet,1
13,getCounter_super_column,1
14,setCounter_super_column,1
15,unsetCounter_super_column,1
16,isSetCounter_super_column,1
17,setCounter_super_columnIsSet,1
18,getValidation_class,1
19,setValidation_class,1
20,unsetValidation_class,1
21,isSetValidation_class,1
22,setValidation_classIsSet,1
23,getIndex_type,1
24,setIndex_type,1
25,unsetIndex_type,1
26,isSetIndex_type,1
27,setIndex_typeIsSet,1
28,getIndex_name,1
29,setIndex_name,1
30,unsetIndex_name,1
31,isSetIndex_name,1
32,setIndex_nameIsSet,1
33,getIndex_optionsSize,1
34,putToIndex_options,1
35,getIndex_options,1
36,setIndex_options,1
37,unsetIndex_options,1
38,isSetIndex_options,1
39,setIndex_optionsIsSet,1
40,id,0
41,getAcknowledged_by,1
42,setAcknowledged_by,1
43,unsetAcknowledged_by,1
44,isSetAcknowledged_by,1
45,setAcknowledged_byIsSet,1
46,isAcknowledged_by_batchlog,1
47,setAcknowledged_by_batchlog,1
48,unsetAcknowledged_by_batchlog,1
49,isSetAcknowledged_by_batchlog,1
50,setAcknowledged_by_batchlogIsSet,1
51,isPaxos_in_progress,1
52,setPaxos_in_progress,1
53,unsetPaxos_in_progress,1
54,isSetPaxos_in_progress,1
55,setPaxos_in_progressIsSet,1
56,getVariable_typesSize,1
57,getVariable_typesIterator,1
58,addToVariable_types,1
59,getVariable_types,1
60,setVariable_types,1
61,unsetVariable_types,1
62,isSetVariable_types,1
63,setVariable_typesIsSet,1
64,getVariable_namesSize,1
65,getVariable_namesIterator,1
66,addToVariable_names,1
67,getVariable_names,1
68,setVariable_names,1
69,unsetVariable_names,1
70,isSetVariable_names,1
71,setVariable_namesIsSet,1
72,of,0
73,TestComparison,1
74,getColumn_namesSize,1
75,getColumn_namesIterator,1
76,addToColumn_names,1
77,getColumn_names,1
78,setColumn_names,1
79,unsetColumn_names,1
80,isSetColumn_names,1
81,setColumn_namesIsSet,1
82,getSlice_range,1
83,setSlice_range,1
84,unsetSlice_range,1
85,isSetSlice_range,1
86,setSlice_rangeIsSet,1
87,testDiskFailurePolicy_best_effort,1
88,t,0
89,k,0
90,testBufferSize_ssd,1
91,testBufferSize_spinning,1
92,getColumn_name,1
93,bufferForColumn_name,1
94,setColumn_name,1
95,setColumn_name,1
96,unsetColumn_name,1
97,isSetColumn_name,1
98,setColumn_nameIsSet,1
99,bb,0
100,ci,0
101,lz4,0
102,getSuper_column,1
103,bufferForSuper_column,1
104,setSuper_column,1
105,setSuper_column,1
106,unsetSuper_column,1
107,isSetSuper_column,1
108,setSuper_columnIsSet,1
109,bb,0
110,rt,0
111,rt,0
112,rt,0
113,testNumberOfFiles_dont_clean_readers,1
114,testNumberOfFiles_abort,1
115,testNumberOfFiles_abort2,1
116,testNumberOfFiles_abort3,1
117,testNumberOfFiles_abort,1
118,testNumberOfFiles_finish_empty_new_writer,1
119,testNumberOfFiles_truncate,1
120,of,0
121,of,0
122,getColumn_family,1
123,setColumn_family,1
124,unsetColumn_family,1
125,isSetColumn_family,1
126,setColumn_familyIsSet,1
127,getSuper_column,1
128,bufferForSuper_column,1
129,setSuper_column,1
130,setSuper_column,1
131,unsetSuper_column,1
132,isSetSuper_column,1
133,setSuper_columnIsSet,1
134,dk,0
135,dk,0
136,dk,0
137,rp,0
138,rp,0
139,hash2_64,1
140,hash3_x64_128,1
141,getColumn_parent,1
142,setColumn_parent,1
143,unsetColumn_parent,1
144,isSetColumn_parent,1
145,setColumn_parentIsSet,1
146,getColumn_slicesSize,1
147,getColumn_slicesIterator,1
148,addToColumn_slices,1
149,getColumn_slices,1
150,setColumn_slices,1
151,unsetColumn_slices,1
152,isSetColumn_slices,1
153,setColumn_slicesIsSet,1
154,getConsistency_level,1
155,setConsistency_level,1
156,unsetConsistency_level,1
157,isSetConsistency_level,1
158,setConsistency_levelIsSet,1
159,test7808_1,1
160,test7808_2,1
161,bb,0
162,i,0
163,bb,0
164,send_login,1
165,recv_login,1
166,send_set_keyspace,1
167,recv_set_keyspace,1
168,send_get,1
169,recv_get,1
170,send_get_slice,1
171,recv_get_slice,1
172,send_get_count,1
173,recv_get_count,1
174,send_multiget_slice,1
175,recv_multiget_slice,1
176,send_multiget_count,1
177,recv_multiget_count,1
178,send_get_range_slices,1
179,recv_get_range_slices,1
180,send_get_paged_slice,1
181,recv_get_paged_slice,1
182,send_get_indexed_slices,1
183,recv_get_indexed_slices,1
184,send_insert,1
185,recv_insert,1
186,send_add,1
187,recv_add,1
188,send_cas,1
189,recv_cas,1
190,send_remove,1
191,recv_remove,1
192,send_remove_counter,1
193,recv_remove_counter,1
194,send_batch_mutate,1
195,recv_batch_mutate,1
196,send_atomic_batch_mutate,1
197,recv_atomic_batch_mutate,1
198,send_truncate,1
199,recv_truncate,1
200,send_get_multi_slice,1
201,recv_get_multi_slice,1
202,send_describe_schema_versions,1
203,recv_describe_schema_versions,1
204,send_describe_keyspaces,1
205,recv_describe_keyspaces,1
206,send_describe_cluster_name,1
207,recv_describe_cluster_name,1
208,send_describe_version,1
209,recv_describe_version,1
210,send_describe_ring,1
211,recv_describe_ring,1
212,send_describe_local_ring,1
213,recv_describe_local_ring,1
214,send_describe_token_map,1
215,recv_describe_token_map,1
216,send_describe_partitioner,1
217,recv_describe_partitioner,1
218,send_describe_snitch,1
219,recv_describe_snitch,1
220,send_describe_keyspace,1
221,recv_describe_keyspace,1
222,send_describe_splits,1
223,recv_describe_splits,1
224,send_trace_next_query,1
225,recv_trace_next_query,1
226,send_describe_splits_ex,1
227,recv_describe_splits_ex,1
228,send_system_add_column_family,1
229,recv_system_add_column_family,1
230,send_system_drop_column_family,1
231,recv_system_drop_column_family,1
232,send_system_add_keyspace,1
233,recv_system_add_keyspace,1
234,send_system_drop_keyspace,1
235,recv_system_drop_keyspace,1
236,send_system_update_keyspace,1
237,recv_system_update_keyspace,1
238,send_system_update_column_family,1
239,recv_system_update_column_family,1
240,send_execute_cql_query,1
241,recv_execute_cql_query,1
242,send_execute_cql3_query,1
243,recv_execute_cql3_query,1
244,send_prepare_cql_query,1
245,recv_prepare_cql_query,1
246,send_prepare_cql3_query,1
247,recv_prepare_cql3_query,1
248,send_execute_prepared_cql_query,1
249,recv_execute_prepared_cql_query,1
250,send_execute_prepared_cql3_query,1
251,recv_execute_prepared_cql3_query,1
252,send_set_cql_version,1
253,recv_set_cql_version,1
254,write_args,1
255,write_args,1
256,write_args,1
257,write_args,1
258,write_args,1
259,write_args,1
260,write_args,1
261,write_args,1
262,write_args,1
263,write_args,1
264,write_args,1
265,write_args,1
266,write_args,1
267,write_args,1
268,write_args,1
269,write_args,1
270,write_args,1
271,write_args,1
272,write_args,1
273,write_args,1
274,write_args,1
275,write_args,1
276,write_args,1
277,write_args,1
278,write_args,1
279,write_args,1
280,write_args,1
281,write_args,1
282,write_args,1
283,write_args,1
284,write_args,1
285,write_args,1
286,write_args,1
287,write_args,1
288,write_args,1
289,write_args,1
290,write_args,1
291,write_args,1
292,write_args,1
293,write_args,1
294,write_args,1
295,write_args,1
296,write_args,1
297,write_args,1
298,write_args,1
299,getAuth_request,1
300,setAuth_request,1
301,unsetAuth_request,1
302,isSetAuth_request,1
303,setAuth_requestIsSet,1
304,getColumn_path,1
305,setColumn_path,1
306,unsetColumn_path,1
307,isSetColumn_path,1
308,setColumn_pathIsSet,1
309,getConsistency_level,1
310,setConsistency_level,1
311,unsetConsistency_level,1
312,isSetConsistency_level,1
313,setConsistency_levelIsSet,1
314,getColumn_parent,1
315,setColumn_parent,1
316,unsetColumn_parent,1
317,isSetColumn_parent,1
318,setColumn_parentIsSet,1
319,getConsistency_level,1
320,setConsistency_level,1
321,unsetConsistency_level,1
322,isSetConsistency_level,1
323,setConsistency_levelIsSet,1
324,getColumn_parent,1
325,setColumn_parent,1
326,unsetColumn_parent,1
327,isSetColumn_parent,1
328,setColumn_parentIsSet,1
329,getConsistency_level,1
330,setConsistency_level,1
331,unsetConsistency_level,1
332,isSetConsistency_level,1
333,setConsistency_levelIsSet,1
334,getColumn_parent,1
335,setColumn_parent,1
336,unsetColumn_parent,1
337,isSetColumn_parent,1
338,setColumn_parentIsSet,1
339,getConsistency_level,1
340,setConsistency_level,1
341,unsetConsistency_level,1
342,isSetConsistency_level,1
343,setConsistency_levelIsSet,1
344,getColumn_parent,1
345,setColumn_parent,1
346,unsetColumn_parent,1
347,isSetColumn_parent,1
348,setColumn_parentIsSet,1
349,getConsistency_level,1
350,setConsistency_level,1
351,unsetConsistency_level,1
352,isSetConsistency_level,1
353,setConsistency_levelIsSet,1
354,getColumn_parent,1
355,setColumn_parent,1
356,unsetColumn_parent,1
357,isSetColumn_parent,1
358,setColumn_parentIsSet,1
359,getConsistency_level,1
360,setConsistency_level,1
361,unsetConsistency_level,1
362,isSetConsistency_level,1
363,setConsistency_levelIsSet,1
364,getColumn_family,1
365,setColumn_family,1
366,unsetColumn_family,1
367,isSetColumn_family,1
368,setColumn_familyIsSet,1
369,getStart_column,1
370,bufferForStart_column,1
371,setStart_column,1
372,setStart_column,1
373,unsetStart_column,1
374,isSetStart_column,1
375,setStart_columnIsSet,1
376,getConsistency_level,1
377,setConsistency_level,1
378,unsetConsistency_level,1
379,isSetConsistency_level,1
380,setConsistency_levelIsSet,1
381,getColumn_parent,1
382,setColumn_parent,1
383,unsetColumn_parent,1
384,isSetColumn_parent,1
385,setColumn_parentIsSet,1
386,getIndex_clause,1
387,setIndex_clause,1
388,unsetIndex_clause,1
389,isSetIndex_clause,1
390,setIndex_clauseIsSet,1
391,getColumn_predicate,1
392,setColumn_predicate,1
393,unsetColumn_predicate,1
394,isSetColumn_predicate,1
395,setColumn_predicateIsSet,1
396,getConsistency_level,1
397,setConsistency_level,1
398,unsetConsistency_level,1
399,isSetConsistency_level,1
400,setConsistency_levelIsSet,1
401,getColumn_parent,1
402,setColumn_parent,1
403,unsetColumn_parent,1
404,isSetColumn_parent,1
405,setColumn_parentIsSet,1
406,getConsistency_level,1
407,setConsistency_level,1
408,unsetConsistency_level,1
409,isSetConsistency_level,1
410,setConsistency_levelIsSet,1
411,getColumn_parent,1
412,setColumn_parent,1
413,unsetColumn_parent,1
414,isSetColumn_parent,1
415,setColumn_parentIsSet,1
416,getConsistency_level,1
417,setConsistency_level,1
418,unsetConsistency_level,1
419,isSetConsistency_level,1
420,setConsistency_levelIsSet,1
421,getColumn_family,1
422,setColumn_family,1
423,unsetColumn_family,1
424,isSetColumn_family,1
425,setColumn_familyIsSet,1
426,getSerial_consistency_level,1
427,setSerial_consistency_level,1
428,unsetSerial_consistency_level,1
429,isSetSerial_consistency_level,1
430,setSerial_consistency_levelIsSet,1
431,getCommit_consistency_level,1
432,setCommit_consistency_level,1
433,unsetCommit_consistency_level,1
434,isSetCommit_consistency_level,1
435,setCommit_consistency_levelIsSet,1
436,getColumn_path,1
437,setColumn_path,1
438,unsetColumn_path,1
439,isSetColumn_path,1
440,setColumn_pathIsSet,1
441,getConsistency_level,1
442,setConsistency_level,1
443,unsetConsistency_level,1
444,isSetConsistency_level,1
445,setConsistency_levelIsSet,1
446,getConsistency_level,1
447,setConsistency_level,1
448,unsetConsistency_level,1
449,isSetConsistency_level,1
450,setConsistency_levelIsSet,1
451,getMutation_mapSize,1
452,putToMutation_map,1
453,getMutation_map,1
454,setMutation_map,1
455,unsetMutation_map,1
456,isSetMutation_map,1
457,setMutation_mapIsSet,1
458,getConsistency_level,1
459,setConsistency_level,1
460,unsetConsistency_level,1
461,isSetConsistency_level,1
462,setConsistency_levelIsSet,1
463,getMutation_mapSize,1
464,putToMutation_map,1
465,getMutation_map,1
466,setMutation_map,1
467,unsetMutation_map,1
468,isSetMutation_map,1
469,setMutation_mapIsSet,1
470,getConsistency_level,1
471,setConsistency_level,1
472,unsetConsistency_level,1
473,isSetConsistency_level,1
474,setConsistency_levelIsSet,1
475,getStart_token,1
476,setStart_token,1
477,unsetStart_token,1
478,isSetStart_token,1
479,setStart_tokenIsSet,1
480,getEnd_token,1
481,setEnd_token,1
482,unsetEnd_token,1
483,isSetEnd_token,1
484,setEnd_tokenIsSet,1
485,getKeys_per_split,1
486,setKeys_per_split,1
487,unsetKeys_per_split,1
488,isSetKeys_per_split,1
489,setKeys_per_splitIsSet,1
490,getStart_token,1
491,setStart_token,1
492,unsetStart_token,1
493,isSetStart_token,1
494,setStart_tokenIsSet,1
495,getEnd_token,1
496,setEnd_token,1
497,unsetEnd_token,1
498,isSetEnd_token,1
499,setEnd_tokenIsSet,1
500,getKeys_per_split,1
501,setKeys_per_split,1
502,unsetKeys_per_split,1
503,isSetKeys_per_split,1
504,setKeys_per_splitIsSet,1
505,getCf_def,1
506,setCf_def,1
507,unsetCf_def,1
508,isSetCf_def,1
509,setCf_defIsSet,1
510,getColumn_family,1
511,setColumn_family,1
512,unsetColumn_family,1
513,isSetColumn_family,1
514,setColumn_familyIsSet,1
515,getKs_def,1
516,setKs_def,1
517,unsetKs_def,1
518,isSetKs_def,1
519,setKs_defIsSet,1
520,getKs_def,1
521,setKs_def,1
522,unsetKs_def,1
523,isSetKs_def,1
524,setKs_defIsSet,1
525,getCf_def,1
526,setCf_def,1
527,unsetCf_def,1
528,isSetCf_def,1
529,setCf_defIsSet,1
530,p,0
531,rt,0
532,bb,0
533,testTopologyUpdate_RackConsolidation,1
534,testTopologyUpdate_RackExpansion,1
535,getStart_token,1
536,setStart_token,1
537,unsetStart_token,1
538,isSetStart_token,1
539,setStart_tokenIsSet,1
540,getEnd_token,1
541,setEnd_token,1
542,unsetEnd_token,1
543,isSetEnd_token,1
544,setEnd_tokenIsSet,1
545,getRpc_endpointsSize,1
546,getRpc_endpointsIterator,1
547,addToRpc_endpoints,1
548,getRpc_endpoints,1
549,setRpc_endpoints,1
550,unsetRpc_endpoints,1
551,isSetRpc_endpoints,1
552,setRpc_endpointsIsSet,1
553,getEndpoint_detailsSize,1
554,getEndpoint_detailsIterator,1
555,addToEndpoint_details,1
556,getEndpoint_details,1
557,setEndpoint_details,1
558,unsetEndpoint_details,1
559,isSetEndpoint_details,1
560,setEndpoint_detailsIsSet,1
561,getStrategy_class,1
562,setStrategy_class,1
563,unsetStrategy_class,1
564,isSetStrategy_class,1
565,setStrategy_classIsSet,1
566,getStrategy_optionsSize,1
567,putToStrategy_options,1
568,getStrategy_options,1
569,setStrategy_options,1
570,unsetStrategy_options,1
571,isSetStrategy_options,1
572,setStrategy_optionsIsSet,1
573,getReplication_factor,1
574,setReplication_factor,1
575,unsetReplication_factor,1
576,isSetReplication_factor,1
577,setReplication_factorIsSet,1
578,getCf_defsSize,1
579,getCf_defsIterator,1
580,addToCf_defs,1
581,getCf_defs,1
582,setCf_defs,1
583,unsetCf_defs,1
584,isSetCf_defs,1
585,setCf_defsIsSet,1
586,isDurable_writes,1
587,setDurable_writes,1
588,unsetDurable_writes,1
589,isSetDurable_writes,1
590,setDurable_writesIsSet,1
591,compose_float,1
592,compose_double,1
593,compose_byte,1
594,compose_short,1
595,compose_int,1
596,compose_long,1
597,compose_boolean,1
598,dk,0
599,testMigrateDataDirs_2_1,1
600,testMigrateDataDirs_2_2,1
601,testBuilding_UpdateFunctionReplacement,1
602,testUpdate_UpdateFunctionReplacement,1
603,testUpdate_UpdateFunctionCallBack,1
604,testBuilding_UpdateFunctionCallBack,1
605,testBuilder_QuickResolver,1
606,testBuilder_ResolverAndReverse,1
607,getColumn_family,1
608,setColumn_family,1
609,unsetColumn_family,1
610,isSetColumn_family,1
611,setColumn_familyIsSet,1
612,getSuper_column,1
613,bufferForSuper_column,1
614,setSuper_column,1
615,setSuper_column,1
616,unsetSuper_column,1
617,isSetSuper_column,1
618,setSuper_columnIsSet,1
619,getStart_key,1
620,bufferForStart_key,1
621,setStart_key,1
622,setStart_key,1
623,unsetStart_key,1
624,isSetStart_key,1
625,setStart_keyIsSet,1
626,getEnd_key,1
627,bufferForEnd_key,1
628,setEnd_key,1
629,setEnd_key,1
630,unsetEnd_key,1
631,isSetEnd_key,1
632,setEnd_keyIsSet,1
633,getStart_token,1
634,setStart_token,1
635,unsetStart_token,1
636,isSetStart_token,1
637,setStart_tokenIsSet,1
638,getEnd_token,1
639,setEnd_token,1
640,unsetEnd_token,1
641,isSetEnd_token,1
642,setEnd_tokenIsSet,1
643,getRow_filterSize,1
644,getRow_filterIterator,1
645,addToRow_filter,1
646,getRow_filter,1
647,setRow_filter,1
648,unsetRow_filter,1
649,isSetRow_filter,1
650,setRow_filterIsSet,1
651,getStart_token,1
652,setStart_token,1
653,unsetStart_token,1
654,isSetStart_token,1
655,setStart_tokenIsSet,1
656,getEnd_token,1
657,setEnd_token,1
658,unsetEnd_token,1
659,isSetEnd_token,1
660,setEnd_tokenIsSet,1
661,getRow_count,1
662,setRow_count,1
663,unsetRow_count,1
664,isSetRow_count,1
665,setRow_countIsSet,1
666,of,0
667,pop_array,1
668,pop_intersect,1
669,pop_union,1
670,pop_andnot,1
671,pop_xor,1
672,TestComparison,1
673,bb,0
674,cn,0
675,check_applies_list,1
676,check_does_not_apply_list,1
677,check_invalid_list,1
678,check_applies_set,1
679,check_does_not_apply_set,1
680,check_invalid_set,1
681,check_applies_map,1
682,check_does_not_apply_map,1
683,check_invalid_map,1
684,sq,0
685,mb,0
686,mb,0
687,testRecoveryWithGarbageLog_fail,1
688,testRecoveryWithGarbageLog_ignoredByProperty,1
689,getName_typesSize,1
690,putToName_types,1
691,getName_types,1
692,setName_types,1
693,unsetName_types,1
694,isSetName_types,1
695,setName_typesIsSet,1
696,getValue_typesSize,1
697,putToValue_types,1
698,getValue_types,1
699,setValue_types,1
700,unsetValue_types,1
701,isSetValue_types,1
702,setValue_typesIsSet,1
703,getDefault_name_type,1
704,setDefault_name_type,1
705,unsetDefault_name_type,1
706,isSetDefault_name_type,1
707,setDefault_name_typeIsSet,1
708,getDefault_value_type,1
709,setDefault_value_type,1
710,unsetDefault_value_type,1
711,isSetDefault_value_type,1
712,setDefault_value_typeIsSet,1
713,r,0
714,t,0
715,s,0
716,cn,0
717,bb,0
718,getColumn_type,1
719,setColumn_type,1
720,unsetColumn_type,1
721,isSetColumn_type,1
722,setColumn_typeIsSet,1
723,getComparator_type,1
724,setComparator_type,1
725,unsetComparator_type,1
726,isSetComparator_type,1
727,setComparator_typeIsSet,1
728,getSubcomparator_type,1
729,setSubcomparator_type,1
730,unsetSubcomparator_type,1
731,isSetSubcomparator_type,1
732,setSubcomparator_typeIsSet,1
733,getRead_repair_chance,1
734,setRead_repair_chance,1
735,unsetRead_repair_chance,1
736,isSetRead_repair_chance,1
737,setRead_repair_chanceIsSet,1
738,getColumn_metadataSize,1
739,getColumn_metadataIterator,1
740,addToColumn_metadata,1
741,getColumn_metadata,1
742,setColumn_metadata,1
743,unsetColumn_metadata,1
744,isSetColumn_metadata,1
745,setColumn_metadataIsSet,1
746,getGc_grace_seconds,1
747,setGc_grace_seconds,1
748,unsetGc_grace_seconds,1
749,isSetGc_grace_seconds,1
750,setGc_grace_secondsIsSet,1
751,getDefault_validation_class,1
752,setDefault_validation_class,1
753,unsetDefault_validation_class,1
754,isSetDefault_validation_class,1
755,setDefault_validation_classIsSet,1
756,getMin_compaction_threshold,1
757,setMin_compaction_threshold,1
758,unsetMin_compaction_threshold,1
759,isSetMin_compaction_threshold,1
760,setMin_compaction_thresholdIsSet,1
761,getMax_compaction_threshold,1
762,setMax_compaction_threshold,1
763,unsetMax_compaction_threshold,1
764,isSetMax_compaction_threshold,1
765,setMax_compaction_thresholdIsSet,1
766,getKey_validation_class,1
767,setKey_validation_class,1
768,unsetKey_validation_class,1
769,isSetKey_validation_class,1
770,setKey_validation_classIsSet,1
771,getKey_alias,1
772,bufferForKey_alias,1
773,setKey_alias,1
774,setKey_alias,1
775,unsetKey_alias,1
776,isSetKey_alias,1
777,setKey_aliasIsSet,1
778,getCompaction_strategy,1
779,setCompaction_strategy,1
780,unsetCompaction_strategy,1
781,isSetCompaction_strategy,1
782,setCompaction_strategyIsSet,1
783,getCompaction_strategy_optionsSize,1
784,putToCompaction_strategy_options,1
785,getCompaction_strategy_options,1
786,setCompaction_strategy_options,1
787,unsetCompaction_strategy_options,1
788,isSetCompaction_strategy_options,1
789,setCompaction_strategy_optionsIsSet,1
790,getCompression_optionsSize,1
791,putToCompression_options,1
792,getCompression_options,1
793,setCompression_options,1
794,unsetCompression_options,1
795,isSetCompression_options,1
796,setCompression_optionsIsSet,1
797,getBloom_filter_fp_chance,1
798,setBloom_filter_fp_chance,1
799,unsetBloom_filter_fp_chance,1
800,isSetBloom_filter_fp_chance,1
801,setBloom_filter_fp_chanceIsSet,1
802,getDclocal_read_repair_chance,1
803,setDclocal_read_repair_chance,1
804,unsetDclocal_read_repair_chance,1
805,isSetDclocal_read_repair_chance,1
806,setDclocal_read_repair_chanceIsSet,1
807,getMemtable_flush_period_in_ms,1
808,setMemtable_flush_period_in_ms,1
809,unsetMemtable_flush_period_in_ms,1
810,isSetMemtable_flush_period_in_ms,1
811,setMemtable_flush_period_in_msIsSet,1
812,getDefault_time_to_live,1
813,setDefault_time_to_live,1
814,unsetDefault_time_to_live,1
815,isSetDefault_time_to_live,1
816,setDefault_time_to_liveIsSet,1
817,getSpeculative_retry,1
818,setSpeculative_retry,1
819,unsetSpeculative_retry,1
820,isSetSpeculative_retry,1
821,setSpeculative_retryIsSet,1
822,getCells_per_row_to_cache,1
823,setCells_per_row_to_cache,1
824,unsetCells_per_row_to_cache,1
825,isSetCells_per_row_to_cache,1
826,setCells_per_row_to_cacheIsSet,1
827,getMin_index_interval,1
828,setMin_index_interval,1
829,unsetMin_index_interval,1
830,isSetMin_index_interval,1
831,setMin_index_intervalIsSet,1
832,getMax_index_interval,1
833,setMax_index_interval,1
834,unsetMax_index_interval,1
835,isSetMax_index_interval,1
836,setMax_index_intervalIsSet,1
837,getRow_cache_size,1
838,setRow_cache_size,1
839,unsetRow_cache_size,1
840,isSetRow_cache_size,1
841,setRow_cache_sizeIsSet,1
842,getKey_cache_size,1
843,setKey_cache_size,1
844,unsetKey_cache_size,1
845,isSetKey_cache_size,1
846,setKey_cache_sizeIsSet,1
847,getRow_cache_save_period_in_seconds,1
848,setRow_cache_save_period_in_seconds,1
849,unsetRow_cache_save_period_in_seconds,1
850,isSetRow_cache_save_period_in_seconds,1
851,setRow_cache_save_period_in_secondsIsSet,1
852,getKey_cache_save_period_in_seconds,1
853,setKey_cache_save_period_in_seconds,1
854,unsetKey_cache_save_period_in_seconds,1
855,isSetKey_cache_save_period_in_seconds,1
856,setKey_cache_save_period_in_secondsIsSet,1
857,getMemtable_flush_after_mins,1
858,setMemtable_flush_after_mins,1
859,unsetMemtable_flush_after_mins,1
860,isSetMemtable_flush_after_mins,1
861,setMemtable_flush_after_minsIsSet,1
862,getMemtable_throughput_in_mb,1
863,setMemtable_throughput_in_mb,1
864,unsetMemtable_throughput_in_mb,1
865,isSetMemtable_throughput_in_mb,1
866,setMemtable_throughput_in_mbIsSet,1
867,getMemtable_operations_in_millions,1
868,setMemtable_operations_in_millions,1
869,unsetMemtable_operations_in_millions,1
870,isSetMemtable_operations_in_millions,1
871,setMemtable_operations_in_millionsIsSet,1
872,isReplicate_on_write,1
873,setReplicate_on_write,1
874,unsetReplicate_on_write,1
875,isSetReplicate_on_write,1
876,setReplicate_on_writeIsSet,1
877,getMerge_shards_chance,1
878,setMerge_shards_chance,1
879,unsetMerge_shards_chance,1
880,isSetMerge_shards_chance,1
881,setMerge_shards_chanceIsSet,1
882,getRow_cache_provider,1
883,setRow_cache_provider,1
884,unsetRow_cache_provider,1
885,isSetRow_cache_provider,1
886,setRow_cache_providerIsSet,1
887,getRow_cache_keys_to_save,1
888,setRow_cache_keys_to_save,1
889,unsetRow_cache_keys_to_save,1
890,isSetRow_cache_keys_to_save,1
891,setRow_cache_keys_to_saveIsSet,1
892,isPopulate_io_cache_on_flush,1
893,setPopulate_io_cache_on_flush,1
894,unsetPopulate_io_cache_on_flush,1
895,isSetPopulate_io_cache_on_flush,1
896,setPopulate_io_cache_on_flushIsSet,1
897,getIndex_interval,1
898,setIndex_interval,1
899,unsetIndex_interval,1
900,isSetIndex_interval,1
901,setIndex_intervalIsSet,1
902,ks,0
903,cf,0
904,testScrubKeysIndex_preserveOrder,1
905,testScrubCompositeIndex_preserveOrder,1
906,testCommitFailurePolicy_stop,1
907,testCommitFailurePolicy_die,1
908,testCommitFailurePolicy_ignore_beforeStartup,1
909,testCommitFailurePolicy_ignore_afterStartup,1
910,test22_LZ4,1
911,test22_Snappy,1
912,test22_truncated,1
913,test22_bitrot,1
914,test22_bitrot_ignored,1
915,test22_bitrot2,1
916,test22_bitrot2_ignored,1
917,id,0
918,testTrackMetadata_rangeTombstone,1
919,testTrackMetadata_rowTombstone,1
920,testTrackMetadata_rowMarker,1
921,testTrackMetadata_rowMarkerDelete,1
922,test1Decompose_compose,1
923,of,0
924,of,0
925,of,0
926,of,0
927,of,0
928,testRemoveUnfinishedLeftovers_abort,1
929,testRemoveUnfinishedLeftovers_commit,1
930,testRemoveUnfinishedLeftovers_commit_multipleFolders,1
931,testRemoveUnfinishedLeftovers_abort_multipleFolders,1
932,testRemoveUnfinishedLeftovers_multipleFolders_mismatchedFinalRecords,1
933,testRemoveUnfinishedLeftovers_multipleFolders_partialFinalRecords_first,1
934,testRemoveUnfinishedLeftovers_multipleFolders_partialFinalRecords_second,1
935,testRemoveUnfinishedLeftovers_multipleFolders_partialNonFinalRecord_first,1
936,testRemoveUnfinishedLeftovers_multipleFolders_partialNonFinalRecord_second,1
937,testRemoveUnfinishedLeftovers_multipleFolders_missingFinalRecords_first,1
938,testRemoveUnfinishedLeftovers_multipleFolders_missingFinalRecords_second,1
939,testRemoveUnfinishedLeftovers_multipleFolders_tooManyFinalRecords,1
940,testRemoveUnfinishedLeftovers_multipleFolders_errorConditions,1
941,SliceQueryWithTombstoneTest,1
942,lz4Compressor,0
943,of,0
944,mb,0
945,mb,0
946,getCurrent_valuesSize,1
947,getCurrent_valuesIterator,1
948,addToCurrent_values,1
949,getCurrent_values,1
950,setCurrent_values,1
951,unsetCurrent_values,1
952,isSetCurrent_values,1
953,setCurrent_valuesIsSet,1
954,getStart_key,1
955,bufferForStart_key,1
956,setStart_key,1
957,setStart_key,1
958,unsetStart_key,1
959,isSetStart_key,1
960,setStart_keyIsSet,1
961,get_slice,1
962,multiget_slice,1
963,get_count,1
964,multiget_count,1
965,internal_insert,1
966,batch_mutate,1
967,atomic_batch_mutate,1
968,internal_remove,1
969,describe_keyspace,1
970,get_range_slices,1
971,get_paged_slice,1
972,get_indexed_slices,1
973,describe_keyspaces,1
974,describe_cluster_name,1
975,describe_version,1
976,describe_ring,1
977,describe_token_map,1
978,describe_partitioner,1
979,describe_snitch,1
980,describe_splits,1
981,describe_splits_ex,1
982,system_add_column_family,1
983,system_drop_column_family,1
984,system_add_keyspace,1
985,system_drop_keyspace,1
986,system_update_keyspace,1
987,system_update_column_family,1
988,set_keyspace,1
989,describe_schema_versions,1
990,remove_counter,1
991,execute_cql_query,1
992,execute_cql3_query,1
993,prepare_cql_query,1
994,prepare_cql3_query,1
995,execute_prepared_cql_query,1
996,execute_prepared_cql3_query,1
997,set_cql_version,1
998,trace_next_query,1
999,getColumn_or_supercolumn,1
1000,setColumn_or_supercolumn,1
1001,unsetColumn_or_supercolumn,1
1002,isSetColumn_or_supercolumn,1
1003,setColumn_or_supercolumnIsSet,1
1004,of,0
1005,testMaxMemoryExceeded_SameAsChunkSize,1
1006,testMaxMemoryExceeded_SmallerThanChunkSize,1
1007,testMT_SameSizeImmediateReturn,1
1008,testMT_SameSizePostponedReturn,1
1009,testMT_TwoSizesOneBufferImmediateReturn,1
1010,testMT_TwoSizesOneBufferPostponedReturn,1
1011,testMT_TwoSizesTwoBuffersImmediateReturn,1
1012,testMT_TwoSizesTwoBuffersPostponedReturn,1
1013,testMT_MultipleSizesOneBufferImmediateReturn,1
1014,testMT_MultipleSizesOneBufferPostponedReturn,1
1015,testMT_MultipleSizesMultipleBuffersImmediateReturn,1
1016,testMT_MultipleSizesMultipleBuffersPostponedReturn,1
1017,buildCipher_SameParams,1
1018,buildCipher_DifferentModes,1
1019,buildCipher_DifferentIVs,1
1020,buildCipher_DifferentAliases,1
1021,getDecryptor_NullIv,1
1022,getDecryptor_EmptyIv,1
1023,ix,0
1024,lz4,0
1025,lz4,0
1026,bb,0
1027,getSecretKey_WithKeyPassword,1
1028,getSecretKey_WithoutKeyPassword,1