,elasticsearch_methodnaming,is_anomaly
0,df,0
1,tf,0
2,id,0
3,testDateRangeInQueryStringWithTimeZone_7880,1
4,testDateRangeInQueryStringWithTimeZone_10477,1
5,testNumericRangeFilter_2826,1
6,id,0
7,id,0
8,id,0
9,of,0
10,fPut,0
11,fRemove,0
12,id,0
13,id,0
14,id,0
15,id,0
16,id,0
17,testSingleValuedField_WithFormatter,1
18,testSelectNextStateToProcess_empty,1
19,x,0
20,testAliasSearchRoutingWithConcreteAndAliasedIndices_issue2682,1
21,testAliasSearchRoutingWithConcreteAndAliasedIndices_issue3268,1
22,singleValuedField_withOffset,1
23,TTLFieldMapper,1
24,IndexFieldMapper,1
25,testLoadGlobal_neverCacheIfFieldIsMissing,1
26,id,0
27,id,0
28,id,0
29,testPercolatingExistingDocs_routing,1
30,testPercolatingExistingDocs_versionCheck,1
31,on,0
32,id,0
33,id,0
34,x,0
35,testSingleValuedField_WithFormatter,1
36,id,0
37,of,0
38,or,0
39,id,0
40,id,0
41,id,0
42,_flush,1
43,or,0
44,eq,0
45,lt,0
46,gt,0
47,DefToboolean,1
48,DefTobyte,1
49,DefToshort,1
50,DefTochar,1
51,DefToint,1
52,DefTolong,1
53,DefTofloat,1
54,DefTodouble,1
55,DefToBoolean,1
56,DefToByte,1
57,DefToShort,1
58,DefToCharacter,1
59,DefToInteger,1
60,DefToLong,1
61,DefToFloat,1
62,DefToDouble,1
63,id,0
64,testRerouteWithCommands_disableAllocationSettings,1
65,testRerouteWithCommands_enableAllocationSettings,1
66,testRerouteWithAllocateLocalGateway_disableAllocationSettings,1
67,testRerouteWithAllocateLocalGateway_enableAllocationSettings,1
68,id,0
69,id,0
70,id,0
71,id,0
72,testSingleValuedField_normalised,1
73,testDocCountDerivativeWithGaps_random,1
74,testDocCountDerivativeWithGaps_insertZeros,1
75,testSingleValueAggDerivativeWithGaps_insertZeros,1
76,testSingleValueAggDerivativeWithGaps_random,1
77,testSingleValueAggDerivative_invalidPath,1
78,xContent,0
79,xContentType,0
80,xContent,0
81,xContent,0
82,xContent,0
83,xContentType,0
84,xContentType,0
85,xContentType,0
86,xContent,0
87,xContentType,0
88,indexSingleDocumentWithUngeneratedFieldsThatArePartOf_source,1
89,id,0
90,id,0
91,id,0
92,id,0
93,testParse_simplePoint,1
94,testParse_lineString,1
95,testParse_multiLineString,1
96,testParse_circle,1
97,testParse_multiDimensionShapes,1
98,testParse_envelope,1
99,testParse_polygonNoHoles,1
100,testParse_invalidPoint,1
101,testParse_invalidMultipoint,1
102,testParse_invalidMultiPolygon,1
103,testParse_OGCPolygonWithoutHoles,1
104,testParse_OGCPolygonWithHoles,1
105,testParse_invalidPolygon,1
106,testParse_polygonWithHole,1
107,testParse_selfCrossingPolygon,1
108,testParse_multiPoint,1
109,testParse_multiPolygon,1
110,testParse_geometryCollection,1
111,testParse_orientationOption,1
112,os,0
113,os,0
114,gt,0
115,to,0
116,to,0
117,to,0
118,lt,0
119,md5,0
120,NumberToboolean,1
121,NumberTochar,1
122,NumberToBoolean,1
123,NumberToByte,1
124,NumberToShort,1
125,NumberToCharacter,1
126,NumberToInteger,1
127,NumberToLong,1
128,NumberToFloat,1
129,NumberToDouble,1
130,BooleanTobyte,1
131,BooleanToshort,1
132,BooleanTochar,1
133,BooleanToint,1
134,BooleanTolong,1
135,BooleanTofloat,1
136,BooleanTodouble,1
137,BooleanToByte,1
138,BooleanToShort,1
139,BooleanToCharacter,1
140,BooleanToInteger,1
141,BooleanToLong,1
142,BooleanToFloat,1
143,BooleanToDouble,1
144,ByteToboolean,1
145,ByteTochar,1
146,ShortToboolean,1
147,ShortTochar,1
148,CharacterToboolean,1
149,CharacterTobyte,1
150,CharacterToshort,1
151,CharacterToint,1
152,CharacterTolong,1
153,CharacterTofloat,1
154,CharacterTodouble,1
155,CharacterToBoolean,1
156,CharacterToByte,1
157,CharacterToShort,1
158,CharacterToInteger,1
159,CharacterToLong,1
160,CharacterToFloat,1
161,CharacterToDouble,1
162,IntegerToboolean,1
163,IntegerTochar,1
164,LongToboolean,1
165,LongTochar,1
166,FloatToboolean,1
167,FloatTochar,1
168,DoubleToboolean,1
169,DoubleTochar,1
170,id,0
171,STRING_action,1
172,CHAR_action,1
173,TYPE_action,1
174,TYPE_sempred,1
175,id,0
176,hash3_x64_128,1
177,of,0
178,of,0
179,id,0
180,id,0
181,id,0
182,id,0
183,id,0
184,testGeoHashLevelsForPrecision_String,1
185,testNormalizePointOutsideNormalRange_withOptions,1
186,id,0
187,testHandlingOfPath_relative,1
188,testHandlingOfPath_absolute,1
189,testHandlingOfPath_XContentBuilderStringName,1
190,id,0
191,testLocalPluginInstallWithBinAndConfigInAlreadyExistingConfigDir_7890,1
192,testLocalPluginInstallWithBinOnly_7152,1
193,testRemovePlugin_NullName_ThrowsException,1
194,testOfficialPluginName_ThrowsException,1
195,in,0
196,in,0
197,id,0
198,id,0
199,CancellableThreads,1
200,id,0
201,id,0
202,testNewPolygon_coordinate,1
203,testNewPolygon_coordinates,1
204,id,0
205,testMultipleAggsOnSameField_WithDifferentRequiredValueSourceType,1
206,testSingleValuedFieldWithSubAggregation_Inherited,1
207,testHasChildAndHasParentFilter_withFilter,1
208,id,0
209,id,0
210,id,0
211,id,0
212,os,0
213,os,0
214,fs,0
215,fs,0
216,testSingleValuedField_getProperty,1
217,of,0
218,fPut,0
219,fRemove,0
220,IEEEremainder,1
221,IEEEremainder,1
222,IEEEremainder,1
223,IEEEremainder,1
224,IEEEremainder,1
225,id,0
226,xContentHeader,0
227,xRandomPoint,0
228,xRandomPointIn,0
229,xRandomRectangle,0
230,xRandomRange,0
231,xDivisible,0
232,xDivisible,0
233,xMakeNormRect,0
234,v1,0
235,v2,0
236,testHandleNodeJoin_incompatibleClusterState,1
237,testHandleNodeJoin_incompatibleMinVersion,1
238,testJoinElectedMaster_incompatibleMinVersion,1
239,testBadPercents_asSubAgg,1
240,id,0
241,testSingleValuedField_WithFormatter,1
242,id,0
243,id,0
244,testUpgradeStartClusterOn_0_20_6,1
245,EOF,1
246,SEMICOLON,1
247,BREAK,1
248,SEMICOLON,1
249,THROW,1
250,SEMICOLON,1
251,CONTINUE,1
252,SEMICOLON,1
253,FOR,1
254,LP,1
255,SEMICOLON,1
256,SEMICOLON,1
257,RP,1
258,TRY,1
259,CATCH,1
260,CATCH,1
261,LP,1
262,LP,1
263,RP,1
264,RP,1
265,TYPE,1
266,TYPE,1
267,ID,1
268,ID,1
269,SEMICOLON,1
270,DO,1
271,WHILE,1
272,LP,1
273,RP,1
274,SEMICOLON,1
275,WHILE,1
276,LP,1
277,RP,1
278,IF,1
279,LP,1
280,RP,1
281,ELSE,1
282,RETURN,1
283,SEMICOLON,1
284,LBRACK,1
285,RBRACK,1
286,SEMICOLON,1
287,COMMA,1
288,COMMA,1
289,TYPE,1
290,LBRACE,1
291,LBRACE,1
292,RBRACE,1
293,RBRACE,1
294,ID,1
295,ASSIGN,1
296,LT,1
297,LTE,1
298,GT,1
299,GTE,1
300,EQ,1
301,EQR,1
302,NE,1
303,NER,1
304,BOOLAND,1
305,BOOLOR,1
306,COND,1
307,COLON,1
308,ASSIGN,1
309,AADD,1
310,ASUB,1
311,AMUL,1
312,ADIV,1
313,AREM,1
314,AAND,1
315,AXOR,1
316,AOR,1
317,ALSH,1
318,ARSH,1
319,AUSH,1
320,FALSE,1
321,OCTAL,1
322,HEX,1
323,INTEGER,1
324,DECIMAL,1
325,BOOLNOT,1
326,BWNOT,1
327,ADD,1
328,SUB,1
329,LP,1
330,RP,1
331,LP,1
332,RP,1
333,MUL,1
334,DIV,1
335,REM,1
336,ADD,1
337,SUB,1
338,LSH,1
339,RSH,1
340,USH,1
341,BWAND,1
342,BWXOR,1
343,BWOR,1
344,CHAR,1
345,TRUE,1
346,LP,1
347,RP,1
348,LP,1
349,RP,1
350,LBRACE,1
351,RBRACE,1
352,DOT,1
353,TYPE,1
354,EXTID,1
355,ID,1
356,EXTID,1
357,EXTINTEGER,1
358,NEW,1
359,TYPE,1
360,LBRACE,1
361,LBRACE,1
362,RBRACE,1
363,RBRACE,1
364,STRING,1
365,LP,1
366,RP,1
367,COMMA,1
368,COMMA,1
369,INCR,1
370,DECR,1
371,expression_sempred,1
372,testResolveSimilaritiesFromMapping_default,1
373,testResolveSimilaritiesFromMapping_bm25,1
374,testResolveSimilaritiesFromMapping_DFR,1
375,testResolveSimilaritiesFromMapping_IB,1
376,testResolveSimilaritiesFromMapping_LMDirichlet,1
377,testResolveSimilaritiesFromMapping_LMJelinekMercer,1
378,testMultiField_includeInAllSetToFalse,1
379,testMultiField_defaults,1
380,testSimpleScrollQueryThenFetch_clearScrollIds,1
381,id,0
382,setInt_field,1
383,setLong_field,1
384,setFloat_field,1
385,setDouble_field,1
386,setString_field,1
387,setInt_array_field,1
388,setLong_array_field,1
389,setFloat_array_field,1
390,setDouble_array_field,1
391,setString_array_field,1
392,setNull_value,1
393,setString_or_null,1
394,id,0
395,testRequiredRoutingMapping_variousAPIs,1
396,BPF_STMT,1
397,BPF_JUMP,1
398,linux_prctl,1
399,linux_syscall,1
400,testListBlobs_26,1
401,testGetDeleteNonExistingSnapshot_28,1
402,testNonExistingRepo_23,1
403,kb,0
404,mb,0
405,gb,0
406,tb,0
407,pb,0
408,id,0
409,id,0
410,id,0
411,testMerge_notAvailable,1
412,testDateFiltering_optionalFormat,1
413,nRandomDataNodes,0
414,of,0
415,to,0
416,to,0
417,to,0
418,id,0
419,in,0
420,testExpression_Static,1
421,testExpression_MultiParts,1
422,testExpression_CustomFormat,1
423,testExpression_EscapeStatic,1
424,testExpression_EscapeDateFormat,1
425,testExpression_MixedArray,1
426,testExpression_CustomTimeZoneInSetting,1
427,testExpression_CustomTimeZoneInIndexName,1
428,id,0
429,tTime,0
430,tTimeNoMillis,0
431,tTime,0
432,tTimeNoMillis,0
433,of,0
434,id,0