,hadoop-common_methodnaming,is_anomaly
0,NMwaitForState,1
1,_testAuthentication,1
2,head_,1
3,body_,1
4,base_,1
5,title_,1
6,th_,1
7,td_,1
8,caption_,1
9,colgroup_,1
10,thead_,1
11,tfoot_,1
12,tbody_,1
13,col_,1
14,tr_,1
15,legend_,1
16,optgroup_,1
17,option_,1
18,li_,1
19,dt_,1
20,dd_,1
21,param_,1
22,area_,1
23,table_,1
24,address_,1
25,p_,1
26,hr_,1
27,dl_,1
28,div_,1
29,blockquote_,1
30,bq_,1
31,fieldset_,1
32,form_,1
33,input_,1
34,select_,1
35,textarea_,1
36,button_,1
37,label_,1
38,map_,1
39,q_,1
40,br_,1
41,bdo_,1
42,span_,1
43,ins_,1
44,del_,1
45,a_,1
46,sub_,1
47,sup_,1
48,img_,1
49,em_,1
50,strong_,1
51,dfn_,1
52,code_,1
53,samp_,1
54,kbd_,1
55,var_,1
56,cite_,1
57,abbr_,1
58,b_,1
59,i_,1
60,small_,1
61,pre_,1
62,ul_,1
63,ol_,1
64,h1_,1
65,h2_,1
66,h3_,1
67,h4_,1
68,h5_,1
69,h6_,1
70,style_,1
71,link_,1
72,meta_,1
73,object_,1
74,script_,1
75,_add,1
76,_dequeue,1
77,ContainerResourceIncreaseRequest,1
78,pipeline_02_03,1
79,ls,0
80,ClusterShutdownAtEnd,1
81,TestDataInputByteBufferCompatibility,1
82,TestDataOutputByteBufferCompatibility,1
83,ls,0
84,ClusterShutdownAtEnd,1
85,_testUnfinishedBlockCRCErrorTransferToAppend,1
86,_testUnfinishedBlockCRCErrorNormalTransferAppend,1
87,hFlush_01,1
88,hFlush_02,1
89,hFlush_03,1
90,hSyncUpdateLength_00,1
91,hSyncUpdateLength_01,1
92,hSyncUpdateLength_02,1
93,hSyncUpdateLength_03,1
94,pipeline_Fi_36,1
95,pipeline_Fi_37,1
96,pipeline_Fi_38,1
97,run41_43,1
98,run39_40,1
99,pipeline_Fi_39,1
100,pipeline_Fi_40,1
101,pipeline_Fi_41,1
102,pipeline_Fi_42,1
103,pipeline_Fi_43,1
104,pipeline_Fi_44,1
105,pipeline_Fi_45,1
106,pipeline_Fi_46,1
107,run47_48,1
108,pipeline_Fi_47,1
109,pipeline_Fi_48,1
110,run49_51,1
111,pipeline_Fi_49,1
112,pipeline_Fi_50,1
113,pipeline_Fi_51,1
114,id,0
115,rDelete,0
116,testRelease1_2_0,1
117,TestConvertDatanodeStorage,1
118,go,0
119,hFlushFi01_a,1
120,hFlushFi01_b,1
121,hFlushFi01_c,1
122,hFlushFi02_a,1
123,hFlushFi02_b,1
124,hFlushFi02_c,1
125,hFlushFi03_a,1
126,hFlushFi03_b,1
127,hFlushFi03_c,1
128,o,0
129,testRBW_RWRReplicas,1
130,go,0
131,testMkdirs_dirExists,1
132,testMkdirs_noDir,1
133,testMkdirs_dirExists_badUmask,1
134,testMkdirs_noDir_badUmask,1
135,_mkdirs,1
136,testCheckDir_normal,1
137,testCheckDir_notDir,1
138,testCheckDir_notReadable,1
139,testCheckDir_notWritable,1
140,testCheckDir_notListable,1
141,_checkDirs,1
142,testCheckDir_normal_local,1
143,testCheckDir_notDir_local,1
144,testCheckDir_notReadable_local,1
145,testCheckDir_notWritable_local,1
146,testCheckDir_notListable_local,1
147,_checkDirs,1
148,to,0
149,__testCurrentUser,1
150,___testInvalidProxyUser,1
151,testGetInvalidateWorkPctPerIteration_NegativeValue,1
152,testGetInvalidateWorkPctPerIteration_GreaterThanOne,1
153,testKillTaskWaitKillJobAfterTA_DONE,1
154,compute_montgomery2,1
155,compute_modBigInteger,1
156,compute_modPow,1
157,$,1
158,$,1
159,root_url,1
160,pRead,0
161,GzipConcatTest,1
162,go,0
163,CUnescape,1
164,getContent_type,1
165,setContent_type,1
166,getLast_modified,1
167,setLast_modified,1
168,ls,0
169,_testMOWithJavaSerialization,1
170,_testMultipleOutputs,1
171,pipeline_Fi_01,1
172,pipeline_Fi_02,1
173,pipeline_Fi_03,1
174,pipeline_Fi_04,1
175,pipeline_Fi_05,1
176,pipeline_Fi_06,1
177,pipeline_Fi_07,1
178,pipeline_Fi_08,1
179,pipeline_Fi_09,1
180,pipeline_Fi_10,1
181,pipeline_Fi_11,1
182,pipeline_Fi_12,1
183,pipeline_Fi_13,1
184,pipeline_Fi_14,1
185,pipeline_Fi_15,1
186,pipeline_Fi_16,1
187,readString_EmptyAsNull,1
188,getEndpoints_links,1
189,setEndpoints_links,1
190,go,0
191,testgetAtMostPolicyATLEAST_ONE,1
192,testgetAtMostPolicyLOW_WATERMARK,1
193,ClusterShutdownAtEnd,1
194,square_slow,1
195,of,0
196,ls,0
197,pipeline_04,1
198,pipeline_05,1
199,pipeline_06,1
200,ClusterShutdownAtEnd,1
201,TestDFSCheckSumType,1
202,ls,0
203,_p,1
204,_v,1
205,_inline,1
206,_endTag,1
207,_pre,1
208,_inline,1
209,_noEndTag,1
210,_pre,1
211,_attr,1
212,_elem,1
213,testRenameDirAndDeleteSnapshot_1,1
214,testRenameMoreThanOnceAcrossSnapDirs_2,1
215,testRenameDirAndDeleteSnapshot_2,1
216,testRenameUndo_1,1
217,testRenameUndo_2,1
218,testRenameUndo_3,1
219,testRenameUndo_4,1
220,testRenameUndo_5,1
221,testRenameUndo_6,1
222,testRenameUndo_7,1
223,testRename2PreDescendant_2,1
224,testRename2PreDescendant_3,1
225,testRenameDirAndDeleteSnapshot_3,1
226,testRenameDirAndDeleteSnapshot_4,1
227,testRenameDirAndDeleteSnapshot_5,1
228,testRenameDirAndDeleteSnapshot_6,1
229,testRenameDirAndDeleteSnapshot_7,1
230,ClusterShutdownAtEnd,1
231,ClusterShutdownAtEnd,1
232,go,0
233,rm,0
234,ls,0
235,testIpcFromHadoop_0_18_13,1
236,testIpcFromHadoop0_20_3,1
237,testIpcFromHadoop0_21_0,1
238,go,0
239,go,0
240,$,1
241,$$,1
242,_join,1
243,_split,1
244,TestScanInfo,1
245,ClusterShutdownAtEnd,1
246,_incrPendingResources,1
247,_decrPendingResources,1
248,ClusterShutdownAtEnd,1
249,go,0
250,$,1
251,ClusterShutdownAtEnd,1
252,_testMapReduce,1
253,runTest17_19,1
254,runTest29_30,1
255,runTest34_35,1
256,pipeline_Fi_17,1
257,pipeline_Fi_18,1
258,pipeline_Fi_19,1
259,pipeline_Fi_20,1
260,pipeline_Fi_21,1
261,pipeline_Fi_22,1
262,pipeline_Fi_29,1
263,pipeline_Fi_30,1
264,pipeline_Fi_34,1
265,pipeline_Fi_35,1
266,xAttrsToJSON,0
267,xAttrNamesToJSON,0
268,TestFailoverAfterAccessKeyUpdate,1
269,TestSnapshotWithInvalidName,1
270,TestSnapshotWithInvalidName1,1
271,_testDistributedCache,1
272,NameNodeNotinWhitelists,1
273,id,0
274,gt0,0
275,gt0,0
276,ge0,0
277,ge0,0
278,ex,0
279,op,0
280,go,0
281,compute_modular,1
282,compute_montgomery,1
283,_testMOWithJavaSerialization,1
284,_testMultipleOutputs,1
285,Denied,1
286,No,1
287,or,0
288,is203LayoutVersion,0
289,op,0
290,ok,0
291,ok,0
292,TestRestartDfsWithFlush,1
293,TestRestartDfsWithSync,1
294,pTestLiteral,0
295,pTestEscape,0
296,pTestAny,0
297,pTestClosure1,0
298,pTestClosure2,0
299,pTestClosure3,0
300,pTestClosure4,0
301,pTestClosure5,0
302,pTestSet,0
303,pTestRange,0
304,pTestSetExcl,0
305,pTestCombination,0
306,pTestCurlyBracket,0
307,pTestJavaRegexSpecialChars,0
308,_testUserName,1
309,testFailureNegativeOffset_2,1
310,testFailureNegativeLength_2,1
311,testFailureNegativeLength_3,1
312,pipeline_01,1
313,pipeline_02_03,1
314,outOfBandFolder_uncleMkdirs,1
315,outOfBandFolder_parentDelete,1
316,outOfBandFolder_rootFileDelete,1
317,outOfBandFolder_firstLevelFolderDelete,1
318,outOfBandFolder_siblingCreate,1
319,outOfBandFolder_create_rootDir,1
320,outOfBandFolder_rename,1
321,outOfBandFolder_rename_rootLevelFiles,1
322,blockReport_01,1
323,blockReport_02,1
324,blockReport_03,1
325,blockReport_04,1
326,blockReport_06,1
327,blockReport_07,1
328,blockReport_08,1
329,blockReport_09,1
330,_getVersion,1
331,_getRevision,1
332,_getBranch,1
333,_getDate,1
334,_getUser,1
335,_getUrl,1
336,_getSrcChecksum,1
337,_getBuildVersion,1
338,_getProtocVersion,1
339,_add,1
340,of,0
341,id,0
342,getRoles_links,1
343,setRoles_links,1
344,xdr_string,1
345,xdr_int,1
346,_testInputFiles,1
347,A,1
348,B,1
349,C,1
350,validateKeyValue_INNER_IDENTITY,1
351,at,0
352,at,0
353,at,0
354,$for,1
355,$for,1
356,$for,1
357,$for,1
358,$for,1
359,ClusterShutdownAtEnd,1
360,go,0
361,ClusterShutdownAtEnd,1
362,of,0
363,of,0
364,$about,1
365,_,1
366,_,1
367,_r,1
368,go,0
369,go,0
370,xdr_string,1
371,xdr_int,1
372,go,0
373,go,0
374,go,0
375,CUnescape,1
376,pReadFile,0
377,LeafTrieNodeFactory,1
378,TestGetConfExcludeCommand,1
379,TestGetConfIncludeCommand,1
380,m,0
381,FsShellRun,1
382,DFSAdminRun,1
383,FsShellRun,1
384,testFailureKeyLongerThan64K_2,1
385,TestMultipleGroupsMapping,1
386,TestMultipleGroupsMappingWithCombined,1
387,TestMultipleGroupsMappingWithoutCombined,1
388,TestStatisticsForShortCircuitLocalRead,1
389,TestStatisticsForLocalRead,1